rsID,HGVS,Variant_Type,IGV_Region
rs121913529,NC_000012.11:g.25398284C>A,SNV,chr12:25398279-25398289
rs121913529,NC_000012.11:g.25398284C>G,SNV,chr12:25398279-25398289
rs121913529,NC_000012.11:g.25398284C>T,SNV,chr12:25398279-25398289
rs121913529,NC_000012.12:g.25245350C>A,SNV,chr12:25245345-25245355
rs121913529,NC_000012.12:g.25245350C>G,SNV,chr12:25245345-25245355
rs121913529,NC_000012.12:g.25245350C>T,SNV,chr12:25245345-25245355
rs1801133,NC_000001.10:g.11856378G>A,SNV,chr1:11856373-11856383
rs1801133,NC_000001.10:g.11856378G>C,SNV,chr1:11856373-11856383
rs1801133,NC_000001.10:g.11856378G>T,SNV,chr1:11856373-11856383
rs1801133,NC_000001.11:g.11796321G>A,SNV,chr1:11796316-11796326
rs1801133,NC_000001.11:g.11796321G>C,SNV,chr1:11796316-11796326
rs1801133,NC_000001.11:g.11796321G>T,SNV,chr1:11796316-11796326
rs61756181,NC_000012.11:g.23687354G>A,SNV,chr12:23687349-23687359
rs61756181,NC_000012.11:g.23687354G>C,SNV,chr12:23687349-23687359
rs61756181,NC_000012.11:g.23687354G>T,SNV,chr12:23687349-23687359
rs61756181,NC_000012.12:g.23534420G>A,SNV,chr12:23534415-23534425
rs61756181,NC_000012.12:g.23534420G>C,SNV,chr12:23534415-23534425
rs61756181,NC_000012.12:g.23534420G>T,SNV,chr12:23534415-23534425
